epoch,train_loss,train_error_px,val_error_px,learning_rate
1,0.3366552012960116,17.67586156598044,7.736490249633789,0.001
2,0.07916403744618097,5.131399703289382,6.638646125793457,0.001
3,0.06923982739448548,4.616872622267964,6.3568878173828125,0.001
4,0.06195544097820918,4.2308728334208325,5.810999393463135,0.001
5,0.05868465241789818,4.061485114240398,6.5052924156188965,0.001
6,0.05782440302769343,4.017046700621024,5.392967700958252,0.001
7,0.05424385372797648,3.8376194512570896,5.510698318481445,0.001
8,0.05471601651112239,3.8629609618013103,5.338171005249023,0.001
9,0.0532285619576772,3.7816438032659545,5.33257532119751,0.001
10,0.05290175200502078,3.769377199009992,5.606507778167725,0.001
11,0.050276641130447386,3.6279982531884065,5.063395977020264,0.001
12,0.05072784119844437,3.648871302210726,4.912383556365967,0.001
13,0.04990191008647283,3.6068149570420305,5.3765153884887695,0.001
14,0.0491513574719429,3.5737272976854193,6.665325164794922,0.001
15,0.04828571383158366,3.5245778645123353,5.135342597961426,0.001
16,0.04867332011461258,3.5476317996547246,6.182102680206299,0.0005
17,0.04579888387521108,3.389495608249291,6.454293727874756,0.0005
18,0.04487085590759913,3.3475170687745948,5.489378929138184,0.0005
19,0.045304446945587794,3.366514330622585,5.791685104370117,0.0005
20,0.04526641584436099,3.371357355739611,7.380853652954102,0.00025
21,0.043947320262591044,3.298512633443655,6.106653213500977,0.00025
22,0.04354774915178617,3.2784144436371085,5.807122707366943,0.00025
