frame,detected,true_center_x,true_center_y,cnn_center_x,cnn_center_y,cnn_center_error_px,ellipse_center_error_px,true_diameter_px,estimated_diameter_px,diameter_error_px,absolute_diameter_error_px
11,True,28.31212043762207,19.197505950927734,27.635502,20.390224,1.371273159980774,1.0997943613730152,9.545184135437012,9.443703651428223,-0.10148048400878906,0.10148048400878906
14,True,28.315406799316406,19.3258113861084,27.435411,20.364454,1.3613121509552002,1.0051898614977013,9.403320550918579,9.589101314544678,0.18578076362609863,0.18578076362609863
19,True,28.44862937927246,19.29303550720215,27.358597,20.21156,1.4254322052001953,1.0850380834002034,9.507783651351929,9.696205139160156,0.18842148780822754,0.18842148780822754
20,True,28.499656677246094,19.33517837524414,27.821095,19.903427,0.8850724697113037,1.1511090687519232,9.583749771118164,9.696205139160156,0.11245536804199219,0.11245536804199219
21,True,28.23910140991211,19.36608123779297,27.256166,20.322098,1.3711779117584229,1.01437663176801,9.583824634552002,9.672683715820312,0.08885908126831055,0.08885908126831055
35,True,28.353843688964844,19.348779678344727,28.038746,19.907314,0.6412858366966248,0.972770764428164,9.966229915618896,10.022778034210205,0.056548118591308594,0.056548118591308594
42,True,28.669939041137695,19.48569679260254,28.029684,19.84623,0.7347859144210815,1.2491798752684002,9.921146392822266,10.066696166992188,0.14554977416992188,0.14554977416992188
45,True,28.410314559936523,19.25637435913086,27.655354,19.852318,0.9618288278579712,0.9044070622150471,10.074089527130127,10.066696166992188,-0.007393360137939453,0.007393360137939453
48,True,28.65215492248535,19.351943969726562,27.634201,19.774689,1.1022446155548096,1.1474692939298035,10.40098237991333,10.215258598327637,-0.18572378158569336,0.18572378158569336
50,True,28.61041259765625,19.22482681274414,28.439386,20.082102,0.8741683959960938,1.0610508140473274,10.306517124176025,10.215258598327637,-0.09125852584838867,0.09125852584838867
65,True,28.675626754760742,19.17677879333496,28.187214,19.507662,0.5899412631988525,1.1145420577150909,10.224023818969727,10.840095520019531,0.6160717010498047,0.6160717010498047
82,True,29.920265197753906,19.345617294311523,29.54061,19.211723,0.4025743901729584,1.0932438292213742,10.34869384765625,10.505105972290039,0.15641212463378906,0.15641212463378906
88,True,30.76254653930664,19.73462677001953,30.267847,19.202978,0.7262078523635864,1.1951026850204014,10.542508602142334,10.300511360168457,-0.24199724197387695,0.24199724197387695
90,True,31.11203956604004,19.95956802368164,30.326633,19.43546,0.944220781326294,1.2924624142993113,10.51810598373413,10.599990844726562,0.08188486099243164,0.08188486099243164
93,True,31.562511444091797,19.970827102661133,30.844366,19.6064,0.8053199648857117,1.328906885129048,10.507081031799316,10.592910766601562,0.0858297348022461,0.0858297348022461
94,True,31.667091369628906,20.0,31.218481,19.53043,0.6494207978248596,1.0956269886583787,10.623985767364502,10.51053524017334,-0.11345052719116211,0.11345052719116211
98,True,32.631629943847656,20.335031509399414,31.508263,19.709885,1.2855981588363647,1.2822155086861466,10.731151103973389,10.379494667053223,-0.351656436920166,0.351656436920166
103,True,34.1097412109375,21.493915557861328,31.695572,22.164383,2.5055418014526367,1.1612009470854352,11.056641578674316,10.55347204208374,-0.5031695365905762,0.5031695365905762
106,True,34.89508819580078,21.848814010620117,31.738298,21.818121,3.1569390296936035,1.3710656297372454,11.022384643554688,10.523653507232666,-0.4987311363220215,0.4987311363220215
119,True,36.0,22.5,31.704445,23.323555,4.3737897872924805,1.2460267052756184,11.346907615661621,10.271696090698242,-1.075211524963379,1.075211524963379
123,True,36.504878997802734,22.629600524902344,31.696009,24.116932,5.033625602722168,1.2015151040975711,11.304245948791504,10.534374713897705,-0.7698712348937988,0.7698712348937988
131,True,36.771881103515625,22.877168655395508,31.702122,23.487862,5.10640811920166,1.3505729648630624,11.273041248321533,10.71357536315918,-0.5594658851623535,0.5594658851623535
140,True,36.78817367553711,22.933557510375977,31.720507,23.489946,5.098118782043457,1.294116974206211,11.444949626922607,10.825539112091064,-0.619410514831543,0.619410514831543
142,True,36.78817367553711,22.933557510375977,31.706121,23.60946,5.12680196762085,1.2258439621332022,11.444949626922607,10.905776500701904,-0.5391731262207031,0.5391731262207031
147,True,36.961544036865234,22.718778610229492,31.71047,23.327675,5.286258697509766,1.2573889180086375,11.627368450164795,10.92354679107666,-0.7038216590881348,0.7038216590881348
166,True,37.37562942504883,22.71452522277832,31.677963,23.00246,5.704936981201172,1.0874111603338827,12.066941261291504,11.118371486663818,-0.9485697746276855,0.9485697746276855
167,True,37.673336029052734,23.11336898803711,31.721058,22.415848,5.993008613586426,1.258437490787749,11.956266403198242,11.000011444091797,-0.9562549591064453,0.9562549591064453
170,True,37.96547317504883,23.037654876708984,31.696737,22.333231,6.30819034576416,1.248956567806417,12.01489782333374,11.113431930541992,-0.901465892791748,0.901465892791748
189,True,41.89235305786133,23.733322143554688,32.850544,21.476288,9.319254875183105,1.159822420778509,11.35887622833252,9.567421913146973,-1.7914543151855469,1.7914543151855469
204,True,45.55321502685547,25.38861656188965,34.968792,25.099312,10.58837604522705,1.2929281072572174,9.576216220855713,8.041518926620483,-1.5346972942352295,1.5346972942352295
210,True,45.92864227294922,25.596797943115234,34.62009,25.59244,11.308552742004395,1.1734327071816588,9.448262929916382,7.956616640090942,-1.4916462898254395,1.4916462898254395
214,True,46.43782424926758,25.82394027709961,34.67006,25.682133,11.768619537353516,0.9330421498912573,9.41714882850647,7.54690957069397,-1.8702392578125,1.8702392578125
220,True,46.6307373046875,25.81097412109375,35.027016,25.637062,11.605024337768555,1.1172841061535674,9.30566692352295,7.588581085205078,-1.717085838317871,1.717085838317871
221,True,46.6307373046875,25.81097412109375,35.34695,25.244047,11.298019409179688,1.1172841061535674,9.30566692352295,7.588581085205078,-1.717085838317871,1.717085838317871
222,True,46.6307373046875,25.81097412109375,35.59273,25.332561,11.048368453979492,1.1172841061535674,9.30566692352295,7.588581085205078,-1.717085838317871,1.717085838317871
224,True,46.6307373046875,25.81097412109375,35.80069,25.508469,10.834271430969238,1.0223251834138656,9.30566692352295,8.241203784942627,-1.0644631385803223,1.0644631385803223
225,True,46.6307373046875,25.81097412109375,36.00175,25.622746,10.63065242767334,1.5505350622450966,9.30566692352295,7.372954368591309,-1.9327125549316406,1.9327125549316406
227,True,46.6458625793457,25.82387924194336,35.75997,25.51821,10.890181541442871,1.0648215842287505,9.296349287033081,8.161087274551392,-1.1352620124816895,1.1352620124816895
235,True,46.61851119995117,26.25319480895996,35.588924,25.196297,11.080109596252441,1.2963574231022974,9.589254379272461,8.238666296005249,-1.350588083267212,1.350588083267212
244,True,46.56978988647461,25.659069061279297,36.586533,25.39834,9.986660957336426,1.6551427669894814,9.468107461929321,7.72960352897644,-1.7385039329528809,1.7385039329528809
248,True,46.42013931274414,25.367801666259766,36.168175,25.467607,10.252449989318848,1.501663701323942,9.130630016326904,7.252137184143066,-1.878492832183838,1.878492832183838
255,True,46.18022155761719,25.31463623046875,36.231472,25.289803,9.948780059814453,1.4125060117037358,9.312041997909546,7.073669672012329,-2.238372325897217,2.238372325897217
256,True,46.234901428222656,24.90058708190918,36.799057,24.644154,9.43932819366455,1.3458572659298964,9.310453176498413,6.948523283004761,-2.3619298934936523,2.3619298934936523
259,True,45.99895477294922,24.990108489990234,35.63633,25.299223,10.367234230041504,1.678207185401425,9.50559687614441,7.497462272644043,-2.008134603500366,2.008134603500366
273,True,44.39815139770508,24.09550666809082,34.65045,22.037548,9.96257209777832,1.5782060111863951,10.06337571144104,8.05069613456726,-2.0126795768737793,2.0126795768737793
276,True,43.43510818481445,23.64461898803711,33.88144,20.932972,9.93104362487793,1.3977775922568731,10.092941045761108,8.47959852218628,-1.613342523574829,1.613342523574829
277,True,43.21055603027344,23.498903274536133,33.442703,20.822956,10.127765655517578,1.5622856398593703,10.065984964370728,8.401160717010498,-1.6648242473602295,1.6648242473602295
279,True,42.630611419677734,23.04254722595215,33.408325,21.143948,9.415691375732422,1.3717773051088178,10.205609560012817,8.196226596832275,-2.009382963180542,2.009382963180542
287,True,40.43915557861328,22.18398666381836,32.936596,19.856487,7.855294704437256,1.1537682483556322,10.328715324401855,9.216255903244019,-1.112459421157837,1.112459421157837
293,True,39.5,22.0,31.992104,19.135782,8.035686492919922,1.2580539796805084,10.45236873626709,9.263611793518066,-1.1887569427490234,1.1887569427490234
297,True,39.41413116455078,21.732629776000977,31.870707,18.942345,8.042943954467773,1.2835235720075215,10.13164234161377,9.268805980682373,-0.8628363609313965,0.8628363609313965
304,True,38.74799728393555,21.747995376586914,31.86883,18.82419,7.474729537963867,1.0649637521019433,10.609400749206543,9.461153984069824,-1.1482467651367188,1.1482467651367188
315,True,38.0020751953125,21.542877197265625,31.835386,18.104813,7.060335636138916,1.1573224447100756,10.546548843383789,9.714337348937988,-0.8322114944458008,0.8322114944458008
322,True,38.06584930419922,21.337356567382812,31.858948,18.243042,6.935445785522461,1.4435172257679083,11.248525619506836,10.190337181091309,-1.0581884384155273,1.0581884384155273
327,True,37.90483856201172,21.42015838623047,31.868694,18.507698,6.702049255371094,1.374761391325359,11.006457328796387,9.911596298217773,-1.0948610305786133,1.0948610305786133
330,True,37.70488739013672,21.409626007080078,31.857037,19.18829,6.255533218383789,1.307314098841106,10.792918682098389,9.834007263183594,-0.9589114189147949,0.9589114189147949
332,True,37.43894958496094,21.16344451904297,31.864765,18.720964,6.085823059082031,0.9468022134863724,10.665487289428711,9.834007263183594,-0.8314800262451172,0.8314800262451172
333,True,37.671302795410156,21.354543685913086,31.862925,18.653557,6.405668258666992,1.3189589233942898,10.616909980773926,9.832345962524414,-0.7845640182495117,0.7845640182495117
337,True,37.314300537109375,21.09954071044922,31.838478,18.656925,5.995915412902832,1.3649509186581288,11.019722938537598,10.010605812072754,-1.0091171264648438,1.0091171264648438
340,True,37.385536193847656,20.713350296020508,31.907461,18.983398,5.744740009307861,1.1324143202973975,10.758443355560303,9.641536712646484,-1.1169066429138184,1.1169066429138184
349,True,38.71488571166992,20.615478515625,32.597332,17.958294,6.669714450836182,1.5368486148271372,10.74959421157837,9.60413122177124,-1.145462989807129,1.145462989807129
353,True,38.98847579956055,20.508569717407227,32.908573,18.059708,6.554551124572754,1.1627318804789648,10.47057056427002,9.126490831375122,-1.3440797328948975,1.3440797328948975
359,True,39.940834045410156,20.154251098632812,34.27072,18.50582,5.904871463775635,1.22756051084785,9.667986631393433,8.570963144302368,-1.0970234870910645,1.0970234870910645
364,True,41.18748474121094,19.868385314941406,35.252766,18.436354,6.105047702789307,1.565882882190569,9.269372701644897,7.789623737335205,-1.4797489643096924,1.4797489643096924
370,True,42.74551010131836,19.887115478515625,33.174362,18.720213,9.642019271850586,1.9928409729196301,8.504598140716553,6.721632957458496,-1.7829651832580566,1.7829651832580566
371,True,42.97023010253906,19.759878158569336,33.53313,18.950737,9.471723556518555,2.0038857389204763,8.165805101394653,6.494603157043457,-1.6712019443511963,1.6712019443511963
377,True,44.82658767700195,20.173410415649414,34.225628,16.560797,11.199612617492676,1.8070503578981525,7.299700140953064,6.603825569152832,-0.6958745718002319,0.6958745718002319
379,True,44.39252471923828,19.710979461669922,33.639908,16.646206,11.180858612060547,0.8808257293051708,7.955108165740967,6.964015960693359,-0.9910922050476074,0.9910922050476074
385,True,44.87141418457031,19.70095443725586,34.479244,15.947048,11.049389839172363,19.32778215052631,7.376920580863953,6.659409761428833,-0.7175108194351196,0.7175108194351196
389,True,45.18155288696289,19.81844711303711,33.73798,15.705263,12.160330772399902,19.090494021296255,7.386248350143433,8.838132858276367,1.4518845081329346,1.4518845081329346
390,True,44.86544418334961,19.744945526123047,33.756985,15.823698,11.780240058898926,18.766716668142205,7.087141990661621,8.838132858276367,1.750990867614746,1.750990867614746
391,True,45.07231521606445,19.80800437927246,33.765976,16.29398,11.839834213256836,19.072287028976564,7.197171688079834,8.953283309936523,1.7561116218566895,1.7561116218566895
400,True,43.962520599365234,19.262535095214844,33.54057,17.482958,10.572793960571289,1.418576274316631,6.7557501792907715,5.991331458091736,-0.7644187211990356,0.7644187211990356
412,True,43.5,19.0,33.575535,17.001934,10.123600006103516,1.705184576664977,7.520640134811401,6.273671269416809,-1.2469688653945923,1.2469688653945923
416,True,43.45710754394531,18.970144271850586,33.346897,16.913074,10.31735897064209,1.653251452854055,7.216271638870239,6.273671269416809,-0.9426003694534302,0.9426003694534302
426,True,43.378108978271484,18.70099449157715,32.696983,15.30871,11.20687484741211,0.9781371933398632,6.866350889205933,6.403753876686096,-0.4625970125198364,0.4625970125198364
428,True,43.359344482421875,18.688182830810547,32.82567,15.641279,10.965489387512207,1.2756189246098144,6.885998249053955,6.571735739707947,-0.3142625093460083,0.3142625093460083
435,True,42.463985443115234,18.31100082397461,32.60325,16.935404,9.95622444152832,1.4950851729054135,7.205372095108032,6.14618980884552,-1.0591822862625122,1.0591822862625122
443,True,41.24837875366211,18.304462432861328,33.01426,17.055092,8.328364372253418,1.882517104901411,7.642586946487427,6.588820219039917,-1.0537667274475098,1.0537667274475098
444,True,41.09088897705078,18.305898666381836,33.020287,17.436373,8.117308616638184,1.6599347224782492,7.151727914810181,6.711900949478149,-0.43982696533203125,0.43982696533203125
445,True,40.75956344604492,18.133691787719727,33.053535,17.0822,7.777435779571533,1.5333316817335578,7.5273401737213135,6.980216026306152,-0.5471241474151611,0.5471241474151611
449,True,39.21039581298828,17.850250244140625,32.157307,17.048532,7.098508358001709,1.7463231820743164,8.048405408859253,6.967859983444214,-1.080545425415039,1.080545425415039
450,True,38.6339225769043,17.604290008544922,31.901329,16.69857,6.793242454528809,1.1396800940378065,7.977152109146118,7.044946908950806,-0.9322052001953125,0.9322052001953125
466,True,31.43677520751953,18.745159149169922,30.786652,18.053211,0.9494485855102539,1.359368446866719,8.723299503326416,9.281937599182129,0.5586380958557129,0.5586380958557129
468,True,31.456958770751953,18.51591682434082,29.969288,18.259012,1.509690284729004,1.4660591949660218,8.726969480514526,9.128116130828857,0.40114665031433105,0.40114665031433105
476,True,29.50638771057129,19.272628784179688,29.227364,19.201706,0.28789669275283813,1.2239572269863448,8.907528162002563,9.288318157196045,0.38078999519348145,0.38078999519348145
480,True,28.866561889648438,19.488433837890625,28.351755,20.2686,0.9347116947174072,1.2166433104241519,8.985635042190552,9.57311487197876,0.587479829788208,0.587479829788208
484,True,28.66077995300293,19.688806533813477,28.774952,19.857178,0.20343083143234253,1.230011622543029,9.201151371002197,9.431629657745361,0.23047828674316406,0.23047828674316406
487,True,28.73531150817871,19.432668685913086,28.551498,19.982782,0.5800105929374695,1.2987427804410732,8.839998960494995,9.021772861480713,0.18177390098571777,0.18177390098571777
488,True,28.694522857666016,19.358869552612305,28.38943,20.299988,0.9893360137939453,1.2235470027398765,8.768664360046387,9.034723281860352,0.26605892181396484,0.26605892181396484
490,True,28.64274024963379,19.363927841186523,28.62309,20.44766,1.0839107036590576,1.2021521170583176,8.72248649597168,8.971771240234375,0.2492847442626953,0.2492847442626953
498,True,28.606237411499023,19.30698585510254,28.651478,20.400055,1.0940048694610596,1.1359050265618,8.774693489074707,8.971771240234375,0.19707775115966797,0.19707775115966797
500,True,28.566329956054688,19.203502655029297,28.553404,20.226059,1.022637963294983,1.035180531652912,8.558163166046143,8.971771240234375,0.4136080741882324,0.4136080741882324
503,True,29.1160888671875,19.22152328491211,29.5599,20.457615,1.313351035118103,1.0477104783351125,8.750420093536377,8.816634893417358,0.06621479988098145,0.06621479988098145
507,True,33.7856330871582,18.473363876342773,31.712616,18.003355,2.125631332397461,1.37000941391736,8.510973453521729,8.236037015914917,-0.2749364376068115,0.2749364376068115
514,True,44.255130767822266,22.115535736083984,34.95549,21.028803,9.362921714782715,1.681787342617288,8.421473026275635,6.40968656539917,-2.011786460876465,2.011786460876465
518,True,43.45989227294922,21.799562454223633,35.32154,20.00159,8.3345947265625,1.5892887540316787,9.00492548942566,6.839252710342407,-2.165672779083252,2.165672779083252
519,True,42.72935485839844,21.735572814941406,35.013466,21.056252,7.7457356452941895,1.509701030944653,9.365097999572754,7.409486770629883,-1.955611228942871,1.955611228942871
522,True,38.577178955078125,20.645231246948242,32.2937,18.201218,6.742054462432861,0.8773446049926018,9.554781913757324,8.719467401504517,-0.8353145122528076,0.8353145122528076
528,True,38.07726287841797,20.72340202331543,32.044163,17.926983,6.649681091308594,1.3331525208857178,9.558715343475342,8.794116258621216,-0.764599084854126,0.764599084854126
544,True,31.157419204711914,17.880441665649414,29.083889,16.273129,2.6235439777374268,1.3699549123020507,9.080486297607422,8.975674390792847,-0.1048119068145752,0.1048119068145752
546,True,31.412065505981445,17.7816162109375,28.914566,16.439701,2.835179090499878,1.3170369856587634,9.028228759765625,8.923265933990479,-0.10496282577514648,0.10496282577514648
554,True,43.76905822753906,21.680004119873047,34.166817,20.619886,9.660584449768066,1.5275976138982332,8.74667239189148,6.327985048294067,-2.418687343597412,2.418687343597412
558,True,44.197052001953125,21.934715270996094,34.857338,20.813103,9.406820297241211,1.547625215062649,8.58484959602356,6.496121406555176,-2.088728189468384,2.088728189468384
562,True,43.8049201965332,21.611553192138672,33.394196,21.07002,10.424799919128418,1.9520852208832107,7.973957061767578,6.481540203094482,-1.4924168586730957,1.4924168586730957
566,True,33.13166427612305,24.014394760131836,31.357038,24.64404,1.8830158710479736,1.0857469368384243,10.663981914520264,10.40385627746582,-0.26012563705444336,0.26012563705444336
570,True,32.9295654296875,23.463748931884766,31.685272,25.354624,2.2635531425476074,1.2563269796994208,10.52014446258545,10.7235107421875,0.20336627960205078,0.20336627960205078
576,True,31.898590087890625,23.215272903442383,30.908663,25.583565,2.5668585300445557,1.1058384430960293,11.03666067123413,10.719841003417969,-0.3168196678161621,0.3168196678161621
577,True,32.38077163696289,23.214771270751953,30.940536,25.347073,2.5731277465820312,1.2297603833945485,10.887344360351562,10.766331672668457,-0.12101268768310547,0.12101268768310547
582,True,40.166133880615234,22.469099044799805,33.02619,20.29836,7.462632179260254,0.8785327371401772,9.400623321533203,8.366580247879028,-1.0340430736541748,1.0340430736541748
585,True,43.194419860839844,22.830312728881836,34.77156,22.321497,8.438213348388672,1.3758369082673183,10.020416736602783,7.821398019790649,-2.199018716812134,2.199018716812134
591,True,44.59035873413086,23.22118377685547,36.48138,21.946758,8.208513259887695,1.6079821432795534,9.218201875686646,7.415601015090942,-1.8026008605957031,1.8026008605957031
592,True,44.653175354003906,22.935993194580078,36.36253,21.824926,8.364764213562012,1.6106735785822297,9.608474016189575,7.349419593811035,-2.25905442237854,2.25905442237854
596,True,40.343448638916016,19.84702491760254,34.80897,16.841368,6.297968864440918,1.5382224810089629,9.361494302749634,7.506560564041138,-1.854933738708496,1.854933738708496
600,True,35.130035400390625,18.632675170898438,31.790192,16.753384,3.8322699069976807,0.8958474330892364,9.328277826309204,8.992812156677246,-0.335465669631958,0.335465669631958
612,True,42.99452590942383,23.99266815185547,33.27514,20.448921,10.345271110534668,1.2962206955393634,9.797814846038818,8.55575704574585,-1.2420578002929688,1.2420578002929688
615,True,44.4077262878418,26.52668571472168,34.660927,25.085247,9.852808952331543,1.5099963463348982,10.809762477874756,8.772414684295654,-2.0373477935791016,2.0373477935791016
621,True,44.60102081298828,26.522045135498047,34.311134,25.338287,10.357752799987793,1.786726859233631,10.960185050964355,8.953371286392212,-2.0068137645721436,2.0068137645721436
622,True,43.70794677734375,25.233699798583984,33.236572,21.94532,10.975569725036621,1.2703531321290855,10.628796339035034,9.611691951751709,-1.0171043872833252,1.0171043872833252
627,True,42.70677947998047,20.699378967285156,33.982285,17.45734,9.307395935058594,1.984320806539858,9.592159509658813,7.426347017288208,-2.1658124923706055,2.1658124923706055
633,True,41.73126220703125,19.89305877685547,33.857197,17.281246,8.295930862426758,1.6409031722772225,9.49323034286499,7.247132778167725,-2.2460975646972656,2.2460975646972656
639,True,38.071998596191406,21.282201766967773,31.87953,18.672583,6.719879627227783,0.9024768231374837,10.272054672241211,9.270695209503174,-1.001359462738037,1.001359462738037
649,True,32.490623474121094,23.828283309936523,31.45868,25.40315,1.882847785949707,1.1953682005149437,11.166089057922363,10.909889698028564,-0.25619935989379883,0.25619935989379883
651,True,32.54074478149414,23.78670883178711,31.42822,25.526867,2.0653958320617676,1.3087315401550732,11.232038497924805,10.966936588287354,-0.26510190963745117,0.26510190963745117
666,True,32.49824905395508,22.985469818115234,31.064878,24.844933,2.347797393798828,1.2402041212452577,10.971786499023438,10.548613548278809,-0.4231729507446289,0.4231729507446289
668,True,32.2697868347168,22.619945526123047,30.760633,25.165787,2.959535598754883,1.2363607956132634,10.797104835510254,10.45900297164917,-0.338101863861084,0.338101863861084
672,True,31.884502410888672,22.15266990661621,30.62936,23.502895,1.8434995412826538,1.3924958096829272,10.96440839767456,10.494845390319824,-0.46956300735473633,0.46956300735473633
677,True,31.0,20.5,29.985344,20.221127,1.0522819757461548,1.092860753851128,10.467508792877197,9.849815368652344,-0.6176934242248535,0.6176934242248535
678,True,31.13922691345215,20.238122940063477,30.211874,19.787458,1.031058669090271,1.3399586971451836,10.380786895751953,10.04795503616333,-0.33283185958862305,0.33283185958862305
683,True,29.59458351135254,19.236326217651367,28.474537,19.673634,1.202390193939209,1.160056649197889,9.473361253738403,9.377988338470459,-0.09537291526794434,0.09537291526794434
694,True,28.372026443481445,17.586727142333984,24.829216,16.016422,3.8752243518829346,1.1660565261995113,8.458812713623047,8.70533561706543,0.2465229034423828,0.2465229034423828
718,True,27.873701095581055,17.63186264038086,24.514193,17.388885,3.368283748626709,0.9635438789370001,8.300743579864502,8.749524354934692,0.44878077507019043,0.44878077507019043
746,True,28.29638671875,18.708641052246094,25.533604,14.327562,5.179461479187012,1.11804196395843,8.846792936325073,9.374325275421143,0.5275323390960693,0.5275323390960693
766,True,27.74068260192871,17.4920597076416,24.68021,16.601772,3.1873347759246826,1.0374619294146603,6.808043003082275,7.155314683914185,0.3472716808319092,0.3472716808319092
804,True,27.894954681396484,18.498830795288086,25.729336,17.539085,2.3687584400177,1.1249955662878612,8.366580247879028,8.603718757629395,0.2371385097503662,0.2371385097503662
837,True,28.396453857421875,18.60840606689453,24.508152,11.698782,7.9285430908203125,1.3455444476006009,9.26902961730957,9.335292100906372,0.06626248359680176,0.06626248359680176
852,True,27.914735794067383,18.01178550720215,24.693108,16.21901,3.686859607696533,1.1506152069796405,7.664293527603149,7.899714469909668,0.23542094230651855,0.23542094230651855
871,True,28.351608276367188,18.5745906829834,26.975922,14.595371,4.210309028625488,1.2675809011317938,7.743326187133789,8.289430618286133,0.5461044311523438,0.5461044311523438
872,True,28.0,17.5,28.21118,20.753906,3.260751962661743,2.647958023912191,8.513613224029541,7.780065298080444,-0.7335479259490967,0.7335479259490967
873,True,27.472957611083984,18.259273529052734,27.367458,14.478067,3.78267765045166,1.3922569522407005,7.896964073181152,8.498661756515503,0.6016976833343506,0.6016976833343506
875,True,27.862953186035156,18.318572998046875,25.968185,16.386395,2.706188917160034,1.15121515246788,8.195085287094116,7.65530252456665,-0.5397827625274658,0.5397827625274658
882,True,27.65941619873047,18.148365020751953,25.063566,17.659206,2.641536235809326,1.0424588763686677,7.932873487472534,8.098891973495483,0.16601848602294922,0.16601848602294922
897,True,28.103240966796875,17.90938949584961,25.468512,17.843475,2.6355538368225098,1.2113690257414296,7.919811487197876,8.192989587783813,0.2731781005859375,0.2731781005859375
902,True,27.832340240478516,17.809572219848633,25.495361,17.460487,2.3629071712493896,0.9008326204006166,8.358192682266235,8.557359218597412,0.19916653633117676,0.19916653633117676
907,True,28.064754486083984,17.824970245361328,25.949772,17.247978,2.192275285720825,1.094919558248151,8.303212642669678,8.535861730575562,0.2326490879058838,0.2326490879058838
926,True,20.62984848022461,28.11532974243164,22.443058,28.551033,1.864823341369629,1.0179713314002763,9.450809478759766,9.355301141738892,-0.09550833702087402,0.09550833702087402
928,True,21.531015396118164,27.509143829345703,22.427046,28.3242,1.2112747430801392,1.0207561476569342,9.731322288513184,9.39626955986023,-0.3350527286529541,0.3350527286529541
930,True,21.867961883544922,26.812305450439453,23.276703,27.897556,1.7782914638519287,0.8799437964427446,9.759359359741211,9.548818588256836,-0.210540771484375,0.210540771484375
932,True,22.402572631835938,26.478694915771484,23.205555,27.641523,1.413135051727295,0.8708959144490634,9.556036472320557,9.406408071517944,-0.1496284008026123,0.1496284008026123
938,True,21.722707748413086,26.640798568725586,22.386524,27.932665,1.4524362087249756,0.9063781920325251,9.25437593460083,9.2857027053833,0.0313267707824707,0.0313267707824707
