epoch,train_loss,val_loss,train_mae_mm,val_mae_mm,learning_rate
1,0.7347277382027514,0.738588894154543,0.2054426127513552,0.20652226147366992,0.001
2,0.6030628968554305,0.7967496328752957,0.16862684143813392,0.22278501249071378,0.001
3,0.5283777835251261,0.665383222157657,0.1477435863969897,0.1860526862429149,0.001
4,0.49192668224468883,0.6349028292756307,0.1375512298069073,0.17752983988221013,0.001
5,0.4591546191008825,0.7117341206555906,0.12838759299920086,0.19901320115843815,0.001
6,0.4353401884833216,0.6717062257495822,0.12172866783214613,0.1878207076841326,0.001
7,0.42445290007065456,0.6923032400704573,0.11868439178503058,0.19357999002755577,0.001
8,0.426175154275314,0.6803303349457536,0.11916596273052375,0.19023215815202513,0.0005
9,0.39590056194098733,0.6395080693368074,0.11070066590726149,0.1788175448552886,0.0005
10,0.37788036680946785,0.6511255933220556,0.10566190426793842,0.18206600600214146,0.0005
11,0.39005260578579776,0.6701099997051164,0.10906546782178117,0.18737437520454178,0.0005
12,0.3806402922809804,0.6452237116080336,0.10643362459574363,0.1804157375399746,0.00025
13,0.3584395575376065,0.6559843868498244,0.10022591778533993,0.18342460892093715,0.00025
14,0.35185809181896904,0.6705516426962644,0.09838562179427636,0.1874978662426792,0.00025
15,0.3584708153294973,0.6711300644749357,0.10023465165620521,0.18765960300146645,0.00025
16,0.3502754710019768,0.6817207469506417,0.09794309379483357,0.19062094145746372,0.000125
